/* 
 * To change this license header, choose License Headers in Project Properties.
 * To change this template file, choose Tools | Templates
 * and open the template in the editor.
 */
/**
 * Author:  ricar
 * Created: 29/08/2021
 */




INSERT INTO colegio(NOMBRE) values('El colegio del Olimpo');
INSERT INTO CURSO(GRADO,SALON,FK_COLEGIO) VALUES(10,'A','El colegio del Olimpo');
INSERT INTO CURSO(GRADO,SALON,FK_COLEGIO) VALUES(10,'B','El colegio del Olimpo');
INSERT INTO CURSO(GRADO,SALON,FK_COLEGIO) VALUES(11,'A','El colegio del Olimpo');
INSERT INTO CURSO(GRADO,SALON,FK_COLEGIO) VALUES(11,'B','El colegio del Olimpo');
INSERT INTO PROFESOR(NOMBRE) VALUES('NEMESIS');
INSERT INTO PROFESOR(NOMBRE) VALUES('PRIAPO');
INSERT INTO PROFESOR(NOMBRE) VALUES('IRIS');
INSERT INTO ASIGNATURA(NOMBRE,GRADO,SALON,FK_PROFESOR) VALUES ('MATEMATICAS',10,'A','NEMESIS');
INSERT INTO ASIGNATURA(NOMBRE,GRADO,SALON,FK_PROFESOR) VALUES ('MATEMATICAS',10,'B','NEMESIS');
INSERT INTO ASIGNATURA(NOMBRE,GRADO,SALON,FK_PROFESOR) VALUES ('MATEMATICAS',11,'A','NEMESIS');
INSERT INTO ASIGNATURA(NOMBRE,GRADO,SALON,FK_PROFESOR) VALUES ('MATEMATICAS',11,'B','NEMESIS');
INSERT INTO ASIGNATURA(NOMBRE,GRADO,SALON,FK_PROFESOR) VALUES ('ESPAÑOL',10,'A','PRIAPO');
INSERT INTO ASIGNATURA(NOMBRE,GRADO,SALON,FK_PROFESOR) VALUES ('ESPAÑOL',10,'B','PRIAPO');
INSERT INTO ASIGNATURA(NOMBRE,GRADO,SALON,FK_PROFESOR) VALUES ('INGLES BASICO',10,'A','IRIS');
INSERT INTO ASIGNATURA(NOMBRE,GRADO,SALON,FK_PROFESOR) VALUES ('INGLES AVANZADO',10,'B','IRIS');
INSERT INTO ASIGNATURA(NOMBRE,GRADO,SALON,FK_PROFESOR) VALUES ('PRE ICFES',11,'A','NEMESIS');
INSERT INTO ASIGNATURA(NOMBRE,GRADO,SALON,FK_PROFESOR) VALUES ('PRE ICFES',11,'B','NEMESIS');
INSERT INTO ESTUDIANTE(NOMBRE) VALUES ('AFRODITA');
INSERT INTO ESTUDIANTE(NOMBRE) VALUES ('APOLO');
INSERT INTO ESTUDIANTE(NOMBRE) VALUES ('ARES');
INSERT INTO ESTUDIANTE(NOMBRE) VALUES ('ARTEMISA');
INSERT INTO ESTUDIANTE(NOMBRE) VALUES ('ATENA');
INSERT INTO ESTUDIANTE(NOMBRE) VALUES ('DIONISO');
INSERT INTO ESTUDIANTE(NOMBRE) VALUES ('HEFESTO');
INSERT INTO ESTUDIANTE(NOMBRE) VALUES ('HERA');
INSERT INTO ESTUDIANTE(NOMBRE) VALUES ('HERMES');
INSERT INTO ESTUDIANTE(NOMBRE) VALUES ('HADES');
INSERT INTO ESTUDIANTE(NOMBRE) VALUES ('POSEIDON');
INSERT INTO ESTUDIANTE(NOMBRE) VALUES ('ZEUS');
INSERT INTO REL_ASIG_ESTU(NOMBRE,GRADO,SALON,FK_ESTUDIANTE) VALUES('MATEMATICAS',10,'A','AFRODITA');
INSERT INTO REL_ASIG_ESTU(NOMBRE,GRADO,SALON,FK_ESTUDIANTE) VALUES('MATEMATICAS',10,'A','APOLO');
INSERT INTO REL_ASIG_ESTU(NOMBRE,GRADO,SALON,FK_ESTUDIANTE) VALUES('MATEMATICAS',10,'A','ARES');
INSERT INTO REL_ASIG_ESTU(NOMBRE,GRADO,SALON,FK_ESTUDIANTE) VALUES('ESPAÑOL',10,'A','AFRODITA');
INSERT INTO REL_ASIG_ESTU(NOMBRE,GRADO,SALON,FK_ESTUDIANTE) VALUES('ESPAÑOL',10,'A','APOLO');
INSERT INTO REL_ASIG_ESTU(NOMBRE,GRADO,SALON,FK_ESTUDIANTE) VALUES('ESPAÑOL',10,'A','ARES');
INSERT INTO REL_ASIG_ESTU(NOMBRE,GRADO,SALON,FK_ESTUDIANTE) VALUES('INGLES BASICO',10,'A','AFRODITA');
INSERT INTO REL_ASIG_ESTU(NOMBRE,GRADO,SALON,FK_ESTUDIANTE) VALUES('INGLES BASICO',10,'A','APOLO');
INSERT INTO REL_ASIG_ESTU(NOMBRE,GRADO,SALON,FK_ESTUDIANTE) VALUES('INGLES BASICO',10,'A','ARES');
INSERT INTO REL_ASIG_ESTU(NOMBRE,GRADO,SALON,FK_ESTUDIANTE) VALUES('MATEMATICAS',10,'B','ARTEMISA');
INSERT INTO REL_ASIG_ESTU(NOMBRE,GRADO,SALON,FK_ESTUDIANTE) VALUES('MATEMATICAS',10,'B','ATENA');
INSERT INTO REL_ASIG_ESTU(NOMBRE,GRADO,SALON,FK_ESTUDIANTE) VALUES('MATEMATICAS',10,'B','DIONISO');
INSERT INTO REL_ASIG_ESTU(NOMBRE,GRADO,SALON,FK_ESTUDIANTE) VALUES('ESPAÑOL',10,'B','ARTEMISA');
INSERT INTO REL_ASIG_ESTU(NOMBRE,GRADO,SALON,FK_ESTUDIANTE) VALUES('ESPAÑOL',10,'B','ATENA');
INSERT INTO REL_ASIG_ESTU(NOMBRE,GRADO,SALON,FK_ESTUDIANTE) VALUES('ESPAÑOL',10,'B','DIONISO');
INSERT INTO REL_ASIG_ESTU(NOMBRE,GRADO,SALON,FK_ESTUDIANTE) VALUES('INGLES AVANZADO',10,'B','ARTEMISA');
INSERT INTO REL_ASIG_ESTU(NOMBRE,GRADO,SALON,FK_ESTUDIANTE) VALUES('INGLES AVANZADO',10,'B','ATENA');
INSERT INTO REL_ASIG_ESTU(NOMBRE,GRADO,SALON,FK_ESTUDIANTE) VALUES('INGLES AVANZADO',10,'B','DIONISO');
INSERT INTO REL_ASIG_ESTU(NOMBRE,GRADO,SALON,FK_ESTUDIANTE) VALUES('MATEMATICAS',11,'A','HEFESTO');
INSERT INTO REL_ASIG_ESTU(NOMBRE,GRADO,SALON,FK_ESTUDIANTE) VALUES('MATEMATICAS',11,'A','HERA');
INSERT INTO REL_ASIG_ESTU(NOMBRE,GRADO,SALON,FK_ESTUDIANTE) VALUES('PRE ICFES',11,'A','HEFESTO');
INSERT INTO REL_ASIG_ESTU(NOMBRE,GRADO,SALON,FK_ESTUDIANTE) VALUES('PRE ICFES',11,'A','HERA');
INSERT INTO REL_ASIG_ESTU(NOMBRE,GRADO,SALON,FK_ESTUDIANTE) VALUES('MATEMATICAS',11,'B','HERMES');
INSERT INTO REL_ASIG_ESTU(NOMBRE,GRADO,SALON,FK_ESTUDIANTE) VALUES('MATEMATICAS',11,'B','HADES');
INSERT INTO REL_ASIG_ESTU(NOMBRE,GRADO,SALON,FK_ESTUDIANTE) VALUES('MATEMATICAS',11,'B','POSEIDON');
INSERT INTO REL_ASIG_ESTU(NOMBRE,GRADO,SALON,FK_ESTUDIANTE) VALUES('MATEMATICAS',11,'B','ZEUS');
INSERT INTO REL_ASIG_ESTU(NOMBRE,GRADO,SALON,FK_ESTUDIANTE) VALUES('PRE ICFES',11,'B','HERMES');
INSERT INTO REL_ASIG_ESTU(NOMBRE,GRADO,SALON,FK_ESTUDIANTE) VALUES('PRE ICFES',11,'B','HADES');
INSERT INTO REL_ASIG_ESTU(NOMBRE,GRADO,SALON,FK_ESTUDIANTE) VALUES('PRE ICFES',11,'B','POSEIDON');
INSERT INTO REL_ASIG_ESTU(NOMBRE,GRADO,SALON,FK_ESTUDIANTE) VALUES('PRE ICFES',11,'B','ZEUS');